USE ONLINESHOP
GO

INSERT INTO LOAIHANG(TENLH) VALUES (N'Sach Giao Khoa')
INSERT INTO LOAIHANG(TENLH) VALUES (N'Sach Bai Tap')
INSERT INTO LOAIHANG(TENLH) VALUES (N'Sach Tham Khao')
INSERT INTO LOAIHANG(TENLH) VALUES (N'Truyen')
INSERT INTO LOAIHANG(TENLH) VALUES (N'Tieu Thuyet')
INSERT INTO LOAIHANG(TENLH) VALUES (N'Tu dien')
GO

INSERT INTO SANPHAM(TENSP, MALH, GIASP, SLTONKHO) VALUES (N'SGK Toan Lop 1', 1, 10000, 100)
INSERT INTO SANPHAM(TENSP, MALH, GIASP, SLTONKHO) VALUES (N'SGK Toan Lop 2', 1, 12000, 100)
INSERT INTO SANPHAM(TENSP, MALH, GIASP, SLTONKHO) VALUES (N'SBT Toan Lop 2', 2, 11000, 100)
INSERT INTO SANPHAM(TENSP, MALH, GIASP, SLTONKHO) VALUES (N'Truyen Doraemon Tap 1', 4, 20000, 100)
INSERT INTO SANPHAM(TENSP, MALH, GIASP, SLTONKHO) VALUES (N'Truyen Doraemon Tap 2', 4, 20000, 100)
INSERT INTO SANPHAM(TENSP, MALH, GIASP, SLTONKHO) VALUES (N'Truyen Doraemon Tap 3', 4, 20000, 100)
INSERT INTO SANPHAM(TENSP, MALH, GIASP, SLTONKHO) VALUES (N'Truyen Doraemon Tap 4', 4, 20000, 100)
INSERT INTO SANPHAM(TENSP, MALH, GIASP, SLTONKHO) VALUES (N'Truyen Doraemon Tap 5', 4, 20000, 100)
INSERT INTO SANPHAM(TENSP, MALH, GIASP, SLTONKHO) VALUES (N'Truyen Doraemon Tap 6', 4, 20000, 100)
INSERT INTO SANPHAM(TENSP, MALH, GIASP, SLTONKHO) VALUES (N'Truyen Doraemon Tap 7', 4, 20000, 100)
INSERT INTO SANPHAM(TENSP, MALH, GIASP, SLTONKHO) VALUES (N'Nhung nguoi khon kho', 5, 100000, 100)
INSERT INTO SANPHAM(TENSP, MALH, GIASP, SLTONKHO) VALUES (N'Bat tre dong xang', 5, 150000, 100)
INSERT INTO SANPHAM(TENSP, MALH, GIASP, SLTONKHO) VALUES (N'Tu dien Anh-Viet', 6, 200000, 100)
GO

INSERT INTO KHUVUC(QUAN, TP) VALUES (N'Quan 1', N'Thanh Pho Ho Chi Minh')
INSERT INTO KHUVUC(QUAN, TP) VALUES (N'Quan 2', N'Thanh Pho Ho Chi Minh')
INSERT INTO KHUVUC(QUAN, TP) VALUES (N'Quan 3', N'Thanh Pho Ho Chi Minh')
INSERT INTO KHUVUC(QUAN, TP) VALUES (N'Quan 4', N'Thanh Pho Ho Chi Minh')
INSERT INTO KHUVUC(QUAN, TP) VALUES (N'Quan 5', N'Thanh Pho Ho Chi Minh')
INSERT INTO KHUVUC(QUAN, TP) VALUES (N'Quan 6', N'Thanh Pho Ho Chi Minh')
INSERT INTO KHUVUC(QUAN, TP) VALUES (N'Quan 7', N'Thanh Pho Ho Chi Minh')
INSERT INTO KHUVUC(QUAN, TP) VALUES (N'Quan 8', N'Thanh Pho Ho Chi Minh')
INSERT INTO KHUVUC(QUAN, TP) VALUES (N'Quan 9', N'Thanh Pho Ho Chi Minh')
INSERT INTO KHUVUC(QUAN, TP) VALUES (N'Quan 10', N'Thanh Pho Ho Chi Minh')
INSERT INTO KHUVUC(QUAN, TP) VALUES (N'Quan 11', N'Thanh Pho Ho Chi Minh')
INSERT INTO KHUVUC(QUAN, TP) VALUES (N'Quan 12', N'Thanh Pho Ho Chi Minh')
INSERT INTO KHUVUC(QUAN, TP) VALUES (N'Quan Binh Thanh', N'Thanh Pho Ho Chi Minh')
INSERT INTO KHUVUC(QUAN, TP) VALUES (N'Quan Tan Binh', N'Thanh Pho Ho Chi Minh')
INSERT INTO KHUVUC(QUAN, TP) VALUES (N'Quan Tan Phu', N'Thanh Pho Ho Chi Minh')
INSERT INTO KHUVUC(QUAN, TP) VALUES (N'Quan Phu Nhuan', N'Thanh Pho Ho Chi Minh')
INSERT INTO KHUVUC(QUAN, TP) VALUES (N'Quan Go Vap', N'Thanh Pho Ho Chi Minh')
INSERT INTO KHUVUC(QUAN, TP) VALUES (N'Quan Binh Tan', N'Thanh Pho Ho Chi Minh')
GO

INSERT INTO TAIKHOAN(USERNAME, PASS, ISSTAFF, ISSUPERUSER, SDT, EMAIL, DIACHI, ISACTIVE)
VALUES('admin1', 'admin1', 0, 1, '0123456789', 'admin1@gmail.com', N'326 Bui Minh Truc, phuong 6, quan 8, Thanh pho Ho Chi Minh', 1)
INSERT INTO TAIKHOAN(USERNAME, PASS, ISSTAFF, ISSUPERUSER, SDT, EMAIL, DIACHI, ISACTIVE)
VALUES('admin2', 'admin2', 0, 1, '0123456789', 'admin2@gmail.com', N'268 Tran Hung Dao, phuong 6, quan 1, Thanh pho Ho Chi Minh', 1)
INSERT INTO TAIKHOAN(USERNAME, PASS, ISSTAFF, ISSUPERUSER, SDT, EMAIL, DIACHI, ISACTIVE)
VALUES('nquangphu', '123456', 0, 0, '0123456789', 'nquangphu@gmail.com', N'123 Nguyen Trai, phuong 4, quan 5, Thanh pho Ho Chi Minh', 1)
INSERT INTO TAIKHOAN(USERNAME, PASS, ISSTAFF, ISSUPERUSER, SDT, EMAIL, DIACHI, ISACTIVE)
VALUES('lhoangphuc', '123456', 0, 0, '0123456789', 'lhoangphuc@gmail.com', N'60 Nguyen Thi Minh Khai, phuong 3, quan 1, Thanh pho Ho Chi Minh', 1)
INSERT INTO TAIKHOAN(USERNAME, PASS, ISSTAFF, ISSUPERUSER, SDT, EMAIL, DIACHI, ISACTIVE)
VALUES('khachhang1', 'khachhang1', 0, 0, '0123456789', 'khachhang1@gmail.com', N'200 Nguyen Van Cu, phuong 4, quan 5, Thanh pho Ho Chi Minh', 1)
INSERT INTO TAIKHOAN(USERNAME, PASS, ISSTAFF, ISSUPERUSER, SDT, EMAIL, DIACHI, ISACTIVE)
VALUES('khachhang2', 'khachhang2', 0, 0, '0123456789', 'khachhang2@gmail.com', N'190 An Duong Vuong, phuong 4, quan 5, Thanh pho Ho Chi Minh', 1)
INSERT INTO TAIKHOAN(USERNAME, PASS, ISSTAFF, ISSUPERUSER, SDT, EMAIL, DIACHI, ISACTIVE)
VALUES('khachhang3', 'khachhang3', 0, 0, '0123456789', 'khachhang3@gmail.com', N'10 Dien Bien Phu, phuong 1, quan Binh Thanh, Thanh pho Ho Chi Minh', 1)
INSERT INTO TAIKHOAN(USERNAME, PASS, ISSTAFF, ISSUPERUSER, SDT, EMAIL, DIACHI, ISACTIVE)
VALUES('khachhang4', 'khachhang4', 0, 0, '0123456789', 'khachhang4@gmail.com', N'426 Su Van Hanh, phuong 7, quan 10, Thanh pho Ho Chi Minh', 1)
INSERT INTO TAIKHOAN(USERNAME, PASS, ISSTAFF, ISSUPERUSER, SDT, EMAIL, DIACHI, ISACTIVE)
VALUES('khachhang5', 'khachhang5', 0, 0, '0123456789', 'khachhang5@gmail.com', N'300 Nguyen Van Cu, phuong 4, quan 5, Thanh pho Ho Chi Minh', 1)
INSERT INTO TAIKHOAN(USERNAME, PASS, ISSTAFF, ISSUPERUSER, SDT, EMAIL, DIACHI, ISACTIVE)
VALUES('khachhang6', 'khachhang6', 0, 0, '0123456789', 'khachhang6@gmail.com', N'62 Tran Phu, phuong 1, quan 5, Thanh pho Ho Chi Minh', 1)
INSERT INTO TAIKHOAN(USERNAME, PASS, ISSTAFF, ISSUPERUSER, SDT, EMAIL, DIACHI, ISACTIVE)
VALUES('khachhang7', 'khachhang7', 0, 0, '0123456789', 'khachhang7@gmail.com', N'15 Vinh Vien, phuong 3, quan 3, Thanh pho Ho Chi Minh', 1)
INSERT INTO TAIKHOAN(USERNAME, PASS, ISSTAFF, ISSUPERUSER, SDT, EMAIL, DIACHI, ISACTIVE)
VALUES('doitac1', 'doitac1', 0, 0, '0123456789', 'doitac1@gmail.com', N'98 Ly Chinh Thang, phuong 10, quan Binh Thanh, Thanh pho Ho Chi Minh', 1)
INSERT INTO TAIKHOAN(USERNAME, PASS, ISSTAFF, ISSUPERUSER, SDT, EMAIL, DIACHI, ISACTIVE)
VALUES('doitac2', 'doitac2', 0, 0, '0123456789', 'doitac2@gmail.com', N'193 Nguyen Thi Minh Khai, phuong 3, quan 1, Thanh pho Ho Chi Minh', 1)
INSERT INTO TAIKHOAN(USERNAME, PASS, ISSTAFF, ISSUPERUSER, SDT, EMAIL, DIACHI, ISACTIVE)
VALUES('doitac3', 'doitac3', 0, 0, '0123456789', 'doitac3@gmail.com', N'36 Tran Binh Trong, phuong 5, quan 5, Thanh pho Ho Chi Minh', 1)
INSERT INTO TAIKHOAN(USERNAME, PASS, ISSTAFF, ISSUPERUSER, SDT, EMAIL, DIACHI, ISACTIVE)
VALUES('doitac4', 'doitac4', 0, 0, '0123456789', 'doitac4@gmail.com', N'269 Le Hong Phong, phuong 2, quan 10, Thanh pho Ho Chi Minh', 1)
INSERT INTO TAIKHOAN(USERNAME, PASS, ISSTAFF, ISSUPERUSER, SDT, EMAIL, DIACHI, ISACTIVE)
VALUES('doitac5', 'doitac5', 0, 0, '0123456789', 'doitac5@gmail.com', N'500 Ly Chinh Thang, phuong 10, quan Binh Thanh, Thanh pho Ho Chi Minh', 1)
INSERT INTO TAIKHOAN(USERNAME, PASS, ISSTAFF, ISSUPERUSER, SDT, EMAIL, DIACHI, ISACTIVE)
VALUES('taixe1', 'taixe1', 0, 0, '0123456789', 'taixe1@gmail.com', N'326 Bui Minh Truc, phuong 6, quan 8, Thanh pho Ho Chi Minh', 1)
INSERT INTO TAIKHOAN(USERNAME, PASS, ISSTAFF, ISSUPERUSER, SDT, EMAIL, DIACHI, ISACTIVE)
VALUES('taixe2', 'taixe2', 0, 0, '0123456789', 'taixe2@gmail.com', N'265 Truong Chinh, phuong 3, quan Go Vap, Thanh pho Ho Chi Minh', 1)
INSERT INTO TAIKHOAN(USERNAME, PASS, ISSTAFF, ISSUPERUSER, SDT, EMAIL, DIACHI, ISACTIVE)
VALUES('taixe3', 'taixe3', 0, 0, '0123456789', 'taixe3@gmail.com', N'44 Cach Mang Thang Tam, phuong 2, quan Tan Binh, Thanh pho Ho Chi Minh', 1)
INSERT INTO TAIKHOAN(USERNAME, PASS, ISSTAFF, ISSUPERUSER, SDT, EMAIL, DIACHI, ISACTIVE)
VALUES('taixe4', 'taixe4', 0, 0, '0123456789', 'taixe4@gmail.com', N'326/5 Bui Minh Truc, phuong 6, quan 8, Thanh pho Ho Chi Minh', 1)
INSERT INTO TAIKHOAN(USERNAME, PASS, ISSTAFF, ISSUPERUSER, SDT, EMAIL, DIACHI, ISACTIVE)
VALUES('taixe5', 'taixe5', 0, 0, '0123456789', 'taixe5@gmail.com', N'80 Ly Thai To, phuong 6, quan 5, Thanh pho Ho Chi Minh', 1)
GO

INSERT INTO TAIXE(MATK, MAKV, CMND, DIACHI, BIENSO, STK, NGANHANG)
VALUES (17, 1, '256697512', N'44 Cach Mang Thang Tam, phuong 2, quan Tan Binh, Thanh pho Ho Chi Minh', '7896', '5963548626421', 'AGRIBANK')
INSERT INTO TAIXE(MATK, MAKV, CMND, DIACHI, BIENSO, STK, NGANHANG)
VALUES (18, 3, '215596415', N'265 Truong Chinh, phuong 3, quan Go Vap, Thanh pho Ho Chi Minh', '13264', '532612654', 'SCB')
INSERT INTO TAIXE(MATK, MAKV, CMND, DIACHI, BIENSO, STK, NGANHANG)
VALUES (19, 5, '215542368', N'269 Le Hong Phong, phuong 2, quan 10, Thanh pho Ho Chi Minh', '66547', '1256987', 'ACB')
GO

INSERT INTO DOITAC(MATK, MALH, MAKV, TENDT, DAIDIEN, SOCHINHANH, SLDONHANG)
VALUES (12, 1, 4, 'CONG TY TNHHMTV CUNG CAP SACH', 'Vo Dinh Phuc', 2, NULL)
INSERT INTO DOITAC(MATK, MALH, MAKV, TENDT, DAIDIEN, SOCHINHANH, SLDONHANG)
VALUES (13, 2, 1, 'CONG TY TNHHMTV CUNG CAP DAN AN', 'Lam Hoang Phuc', 2, NULL)
INSERT INTO DOITAC(MATK, MALH, MAKV, TENDT, DAIDIEN, SOCHINHANH, SLDONHANG)
VALUES (14, 4, 4, 'CONG TY TNHHMTV CUNG TRUYEN', 'Nguyen Quang Phu', 5, NULL)
INSERT INTO DOITAC(MATK, MALH, MAKV, TENDT, DAIDIEN, SOCHINHANH, SLDONHANG)
VALUES (15, 5, 5, 'CONG TY TNHHMTV CUNG CAP IEU THUYET', 'Nguyen Quang Phu', 2, NULL)
INSERT INTO DOITAC(MATK, MALH, MAKV, TENDT, DAIDIEN, SOCHINHANH, SLDONHANG)
VALUES (16, 3, 2, 'CONG TY TNHHMTV CUNG CAP SACH', 'Lam Hoang Phuc', 1, NULL)
GO

INSERT INTO KHACHHANG (MATK) VALUES (5)
INSERT INTO KHACHHANG (MATK) VALUES (6)
INSERT INTO KHACHHANG (MATK) VALUES (7)
INSERT INTO KHACHHANG (MATK) VALUES (8)
INSERT INTO KHACHHANG (MATK) VALUES (9)
INSERT INTO KHACHHANG (MATK) VALUES (10)
INSERT INTO KHACHHANG (MATK) VALUES (11)
GO

INSERT INTO HOPDONG(MADT, SLCHINHANH, TGBD, TGKT, HOAHONG, ISACEPTED) VALUES (1, 2, '2021-01-02', '2022-01-02', 10, 1)
INSERT INTO HOPDONG(MADT, SLCHINHANH, TGBD, TGKT, HOAHONG, ISACEPTED) VALUES (2, 2, '2021-11-20', '2022-11-20', 8, 1)
INSERT INTO HOPDONG(MADT, SLCHINHANH, TGBD, TGKT, HOAHONG, ISACEPTED) VALUES (3, 2, '2021-11-20', '2022-11-20', 8, 1)
INSERT INTO HOPDONG(MADT, SLCHINHANH, TGBD, TGKT, HOAHONG, ISACEPTED) VALUES (4, 2, '2021-11-20', '2022-11-20', 8, 1)
INSERT INTO HOPDONG(MADT, SLCHINHANH, TGBD, TGKT, HOAHONG, ISACEPTED) VALUES (5, 2, '2021-11-20', '2022-11-20', 8, 1)
GO

INSERT INTO CHINHANH (MAHD, DIACHI) VALUES (1, N'269 Le Hong Phong, phuong 2, quan 10, Thanh pho Ho Chi Minh')
INSERT INTO CHINHANH (MAHD, DIACHI) VALUES (1, N'36 Tran Binh Trong, phuong 5, quan 5, Thanh pho Ho Chi Minh')
INSERT INTO CHINHANH (MAHD, DIACHI) VALUES (2, N'15 Vinh Vien, phuong 3, quan 3, Thanh pho Ho Chi Minh')
INSERT INTO CHINHANH (MAHD, DIACHI) VALUES (2, N'80 Ly Thai To, phuong 6, quan 5, Thanh pho Ho Chi Minh')
INSERT INTO CHINHANH (MAHD, DIACHI) VALUES (3, N'98 Ly Chinh Thang, phuong 10, quan Binh Thanh, Thanh pho Ho Chi Minh')
INSERT INTO CHINHANH (MAHD, DIACHI) VALUES (3, N'44 Cach Mang Thang Tam, phuong 2, quan Tan Binh, Thanh pho Ho Chi Minh')
INSERT INTO CHINHANH (MAHD, DIACHI) VALUES (4, N'426 Su Van Hanh, phuong 7, quan 10, Thanh pho Ho Chi Minh')
INSERT INTO CHINHANH (MAHD, DIACHI) VALUES (4, N'268 Tran Hung Dao, phuong 6, quan 1, Thanh pho Ho Chi Minh')
INSERT INTO CHINHANH (MAHD, DIACHI) VALUES (5, N'326 Bui Minh Truc, phuong 6, quan 8, Thanh pho Ho Chi Minh')
INSERT INTO CHINHANH (MAHD, DIACHI) VALUES (5, N'265 Truong Chinh, phuong 3, quan Go Vap, Thanh pho Ho Chi Minh')
GO

INSERT INTO DONHANG (MAKH, MADT, NGAYTAO, DIACHIGH) VALUES (1, 1, '2021-10-11 12:00:00', N'36 Tran Binh Trong, phuong 5, quan 5, Thanh pho Ho Chi Minh')
INSERT INTO DONHANG (MAKH, MADT, NGAYTAO, DIACHIGH) VALUES (2, 1, '2021-10-11 12:00:00', N'265 Truong Chinh, phuong 3, quan Go Vap, Thanh pho Ho Chi Minh')
INSERT INTO DONHANG (MAKH, MADT, NGAYTAO, DIACHIGH) VALUES (2, 3, '2021-10-11 12:00:00', N'265 Truong Chinh, phuong 3, quan Go Vap, Thanh pho Ho Chi Minh')
INSERT INTO DONHANG (MAKH, MADT, NGAYTAO, DIACHIGH) VALUES (3, 4, '2021-10-11 12:00:00', N'98 Ly Chinh Thang, phuong 10, quan Binh Thanh, Thanh pho Ho Chi Minh')
INSERT INTO DONHANG (MAKH, MADT, NGAYTAO, DIACHIGH) VALUES (3, 5, '2021-10-11 12:00:00', N'44 Cach Mang Thang Tam, phuong 2, quan Tan Binh, Thanh pho Ho Chi Minh')
INSERT INTO DONHANG (MAKH, MADT, NGAYTAO, DIACHIGH) VALUES (3, 2, '2021-10-11 12:00:00', N'44 Cach Mang Thang Tam, phuong 2, quan Tan Binh, Thanh pho Ho Chi Minh')
INSERT INTO DONHANG (MAKH, MADT, NGAYTAO, DIACHIGH) VALUES (4, 4, '2021-10-11 12:00:00', N'80 Ly Thai To, phuong 6, quan 5, Thanh pho Ho Chi Minh')
INSERT INTO DONHANG (MAKH, MADT, NGAYTAO, DIACHIGH) VALUES (4, 4, '2021-12-11 12:00:00', N'80 Ly Thai To, phuong 6, quan 5, Thanh pho Ho Chi Minh')
INSERT INTO DONHANG (MAKH, MADT, NGAYTAO, DIACHIGH) VALUES (6, 2, '2021-10-11 12:00:00', N'80 Ly Thai To, phuong 6, quan 5, Thanh pho Ho Chi Minh')
GO


INSERT INTO QLDONHANG (MADH, MASP, GIASP, SLSP) VALUES (1, 1, 1000, 2)
INSERT INTO QLDONHANG (MADH, MASP, GIASP, SLSP) VALUES (1, 2, 10000, 1)
INSERT INTO QLDONHANG (MADH, MASP, GIASP, SLSP) VALUES (1, 4, 20000, 2)
INSERT INTO QLDONHANG (MADH, MASP, GIASP, SLSP) VALUES (2, 1, 10000, 1)
INSERT INTO QLDONHANG (MADH, MASP, GIASP, SLSP) VALUES (2, 2, 10000, 1)
INSERT INTO QLDONHANG (MADH, MASP, GIASP, SLSP) VALUES (2, 4, 20000, 1)
INSERT INTO QLDONHANG (MADH, MASP, GIASP, SLSP) VALUES (3, 5, 20000, 1)
INSERT INTO QLDONHANG (MADH, MASP, GIASP, SLSP) VALUES (3, 6, 20000, 1)
INSERT INTO QLDONHANG (MADH, MASP, GIASP, SLSP) VALUES (3, 7, 20000, 2)
INSERT INTO QLDONHANG (MADH, MASP, GIASP, SLSP) VALUES (4, 1, 10000, 1)
INSERT INTO QLDONHANG (MADH, MASP, GIASP, SLSP) VALUES (4, 2, 10000, 1)
INSERT INTO QLDONHANG (MADH, MASP, GIASP, SLSP) VALUES (4, 10, 20000, 1)
INSERT INTO QLDONHANG (MADH, MASP, GIASP, SLSP) VALUES (5, 1, 10000, 2)
INSERT INTO QLDONHANG (MADH, MASP, GIASP, SLSP) VALUES (6, 2, 10000, 1)
INSERT INTO QLDONHANG (MADH, MASP, GIASP, SLSP) VALUES (7, 4, 20000, 2)
INSERT INTO QLDONHANG (MADH, MASP, GIASP, SLSP) VALUES (7, 1, 10000, 2)
INSERT INTO QLDONHANG (MADH, MASP, GIASP, SLSP) VALUES (8, 2, 10000, 1)
INSERT INTO QLDONHANG (MADH, MASP, GIASP, SLSP) VALUES (9, 4, 20000, 2)
GO

INSERT INTO QLSANPHAM (MASP, MADT, MACN, GIASP, SLCUNGCAP) VALUES (1, 1, 1, 9000, 10)
INSERT INTO QLSANPHAM (MASP, MADT, MACN, GIASP, SLCUNGCAP) VALUES (1, 2, 3, 9000, 10)
INSERT INTO QLSANPHAM (MASP, MADT, MACN, GIASP, SLCUNGCAP) VALUES (2, 1, 2, 9000, 10)
INSERT INTO QLSANPHAM (MASP, MADT, MACN, GIASP, SLCUNGCAP) VALUES (3, 2, 4, 9000, 10)
INSERT INTO QLSANPHAM (MASP, MADT, MACN, GIASP, SLCUNGCAP) VALUES (4, 3, 5, 18000, 10)
INSERT INTO QLSANPHAM (MASP, MADT, MACN, GIASP, SLCUNGCAP) VALUES (6, 3, 6, 18000, 10)